[{"pk": 4, "model": "contenttypes.contenttype", "fields": {"model": "contenttype", "name": "content type", "app_label": "contenttypes"}}, {"pk": 8, "model": "contenttypes.contenttype", "fields": {"model": "field", "name": "field", "app_label": "webapp"}}, {"pk": 9, "model": "contenttypes.contenttype", "fields": {"model": "fieldvalue", "name": "field value", "app_label": "webapp"}}, {"pk": 2, "model": "contenttypes.contenttype", "fields": {"model": "group", "name": "group", "app_label": "auth"}}, {"pk": 10, "model": "contenttypes.contenttype", "fields": {"model": "logentry", "name": "log entry", "app_label": "admin"}}, {"pk": 1, "model": "contenttypes.contenttype", "fields": {"model": "permission", "name": "permission", "app_label": "auth"}}, {"pk": 7, "model": "contenttypes.contenttype", "fields": {"model": "profile", "name": "profile", "app_label": "webapp"}}, {"pk": 5, "model": "contenttypes.contenttype", "fields": {"model": "session", "name": "session", "app_label": "sessions"}}, {"pk": 6, "model": "contenttypes.contenttype", "fields": {"model": "site", "name": "site", "app_label": "sites"}}, {"pk": 3, "model": "contenttypes.contenttype", "fields": {"model": "user", "name": "user", "app_label": "auth"}}, {"pk": "9db992df18b82813c9b0a668429ca1f9", "model": "sessions.session", "fields": {"expire_date": "2013-06-23T19:44:08.587Z", "session_data": "ZTRhYmU4YWQ3Mjc4ODY0YTI2ODE3M2FjZDIxYmExMzkzMjEyYTUzZDqAAn1xAShVEl9hdXRoX3Vz\nZXJfYmFja2VuZHECVSlkamFuZ28uY29udHJpYi5hdXRoLmJhY2tlbmRzLk1vZGVsQmFja2VuZHED\nVQ1fYXV0aF91c2VyX2lkcQRLAXUu\n"}}, {"pk": 1, "model": "sites.site", "fields": {"domain": "example.com", "name": "example.com"}}, {"pk": 1, "model": "webapp.field", "fields": {"name": "last_name"}}, {"pk": 2, "model": "webapp.field", "fields": {"name": "first_name"}}, {"pk": 3, "model": "webapp.field", "fields": {"name": "address"}}, {"pk": 4, "model": "webapp.field", "fields": {"name": "sex_offense"}}, {"pk": 5, "model": "webapp.field", "fields": {"name": "sex_offense_count"}}, {"pk": 6, "model": "webapp.field", "fields": {"name": "sex_offender_compliant"}}, {"pk": 7, "model": "webapp.field", "fields": {"name": "sex_offender"}}, {"pk": 8, "model": "webapp.field", "fields": {"name": "picture_url"}}, {"pk": 9, "model": "webapp.field", "fields": {"name": "last_name"}}, {"pk": 10, "model": "webapp.field", "fields": {"name": "first_name"}}, {"pk": 11, "model": "webapp.field", "fields": {"name": "sex_offense"}}, {"pk": 12, "model": "webapp.field", "fields": {"name": "mugshot_url"}}, {"pk": 13, "model": "webapp.field", "fields": {"name": "last_name"}}, {"pk": 14, "model": "webapp.field", "fields": {"name": "first_name"}}, {"pk": 15, "model": "webapp.field", "fields": {"name": "sex_offense"}}, {"pk": 16, "model": "webapp.field", "fields": {"name": "mugshot_url"}}, {"pk": 17, "model": "webapp.field", "fields": {"name": "last_name"}}, {"pk": 18, "model": "webapp.field", "fields": {"name": "first_name"}}, {"pk": 19, "model": "webapp.field", "fields": {"name": "sex_offense"}}, {"pk": 20, "model": "webapp.field", "fields": {"name": "mugshot_url"}}, {"pk": 21, "model": "webapp.field", "fields": {"name": "mugshot_url"}}, {"pk": 1, "model": "webapp.fieldvalue", "fields": {"profile": 1, "field": 1, "value": " LESLIE L"}}, {"pk": 2, "model": "webapp.fieldvalue", "fields": {"profile": 1, "field": 2, "value": "ALLARD"}}, {"pk": 3, "model": "webapp.fieldvalue", "fields": {"profile": 1, "field": 3, "value": "519 E TRUMAN RD WILLARD MO 65781 GREENE "}}, {"pk": 4, "model": "webapp.fieldvalue", "fields": {"profile": 1, "field": 4, "value": "CHILD MOLEST-1ST DEGREE"}}, {"pk": 5, "model": "webapp.fieldvalue", "fields": {"profile": 1, "field": 5, "value": "1"}}, {"pk": 6, "model": "webapp.fieldvalue", "fields": {"profile": 1, "field": 6, "value": "Y"}}, {"pk": 7, "model": "webapp.fieldvalue", "fields": {"profile": 1, "field": 7, "value": "True"}}, {"pk": 8, "model": "webapp.fieldvalue", "fields": {"profile": 2, "field": 1, "value": " SHANNA L"}}, {"pk": 9, "model": "webapp.fieldvalue", "fields": {"profile": 2, "field": 2, "value": "ANGLE"}}, {"pk": 10, "model": "webapp.fieldvalue", "fields": {"profile": 2, "field": 3, "value": "9982 S BROADWAY APT 2R ST LOUIS MO 63125 ST. LOUIS "}}, {"pk": 11, "model": "webapp.fieldvalue", "fields": {"profile": 2, "field": 4, "value": "STAT SODOMY-1ST DEG-PERS UND 14"}}, {"pk": 12, "model": "webapp.fieldvalue", "fields": {"profile": 2, "field": 5, "value": "1"}}, {"pk": 13, "model": "webapp.fieldvalue", "fields": {"profile": 2, "field": 6, "value": "Y"}}, {"pk": 14, "model": "webapp.fieldvalue", "fields": {"profile": 2, "field": 7, "value": "True"}}, {"pk": 15, "model": "webapp.fieldvalue", "fields": {"profile": 3, "field": 1, "value": " DANIEL L"}}, {"pk": 16, "model": "webapp.fieldvalue", "fields": {"profile": 3, "field": 2, "value": "BACA"}}, {"pk": 17, "model": "webapp.fieldvalue", "fields": {"profile": 3, "field": 3, "value": "Incarcerated in MO  MO   "}}, {"pk": 18, "model": "webapp.fieldvalue", "fields": {"profile": 3, "field": 4, "value": "POSSESSION OF CHILD PORNOGRAPHY"}}, {"pk": 19, "model": "webapp.fieldvalue", "fields": {"profile": 3, "field": 5, "value": "1"}}, {"pk": 20, "model": "webapp.fieldvalue", "fields": {"profile": 3, "field": 6, "value": "I"}}, {"pk": 21, "model": "webapp.fieldvalue", "fields": {"profile": 3, "field": 7, "value": "True"}}, {"pk": 22, "model": "webapp.fieldvalue", "fields": {"profile": 4, "field": 1, "value": " SEAN T"}}, {"pk": 23, "model": "webapp.fieldvalue", "fields": {"profile": 4, "field": 2, "value": "BARBER"}}, {"pk": 24, "model": "webapp.fieldvalue", "fields": {"profile": 4, "field": 3, "value": "1505 NW WILDWOOD DR BLUE SPRINGS MO 64015 JACKSON "}}, {"pk": 25, "model": "webapp.fieldvalue", "fields": {"profile": 4, "field": 4, "value": "SEXUAL ASSAULT 4TH DEGREE"}}, {"pk": 26, "model": "webapp.fieldvalue", "fields": {"profile": 4, "field": 5, "value": "1"}}, {"pk": 27, "model": "webapp.fieldvalue", "fields": {"profile": 4, "field": 6, "value": "Y"}}, {"pk": 28, "model": "webapp.fieldvalue", "fields": {"profile": 4, "field": 7, "value": "True"}}, {"pk": 29, "model": "webapp.fieldvalue", "fields": {"profile": 5, "field": 1, "value": " CHARLES D"}}, {"pk": 30, "model": "webapp.fieldvalue", "fields": {"profile": 5, "field": 2, "value": "BAYER"}}, {"pk": 31, "model": "webapp.fieldvalue", "fields": {"profile": 5, "field": 3, "value": "3300 E MARTHA TRUMAN APT 21 KANSAS CITY MO 64137 JACKSON "}}, {"pk": 32, "model": "webapp.fieldvalue", "fields": {"profile": 5, "field": 4, "value": "CHILD MOLESTATION"}}, {"pk": 33, "model": "webapp.fieldvalue", "fields": {"profile": 5, "field": 5, "value": "1"}}, {"pk": 34, "model": "webapp.fieldvalue", "fields": {"profile": 5, "field": 6, "value": "Y"}}, {"pk": 35, "model": "webapp.fieldvalue", "fields": {"profile": 5, "field": 7, "value": "True"}}, {"pk": 36, "model": "webapp.fieldvalue", "fields": {"profile": 6, "field": 1, "value": " ROBERT L"}}, {"pk": 37, "model": "webapp.fieldvalue", "fields": {"profile": 6, "field": 2, "value": "BENNETT"}}, {"pk": 38, "model": "webapp.fieldvalue", "fields": {"profile": 6, "field": 3, "value": "6608 N CHARLOTTE ST #3 GLADSTONE MO 64118 CLAY "}}, {"pk": 39, "model": "webapp.fieldvalue", "fields": {"profile": 6, "field": 4, "value": "STATUTORY SODOMY-1ST DEG"}}, {"pk": 40, "model": "webapp.fieldvalue", "fields": {"profile": 6, "field": 5, "value": "1"}}, {"pk": 41, "model": "webapp.fieldvalue", "fields": {"profile": 6, "field": 6, "value": "Y"}}, {"pk": 42, "model": "webapp.fieldvalue", "fields": {"profile": 6, "field": 7, "value": "True"}}, {"pk": 43, "model": "webapp.fieldvalue", "fields": {"profile": 7, "field": 1, "value": " RICHARD A"}}, {"pk": 44, "model": "webapp.fieldvalue", "fields": {"profile": 7, "field": 2, "value": "BLACK"}}, {"pk": 45, "model": "webapp.fieldvalue", "fields": {"profile": 7, "field": 3, "value": "25467 RUSTIC RD WARSAW MO 65355 BENTON "}}, {"pk": 46, "model": "webapp.fieldvalue", "fields": {"profile": 7, "field": 4, "value": "SEXUAL ASSAULT"}}, {"pk": 47, "model": "webapp.fieldvalue", "fields": {"profile": 7, "field": 5, "value": "1"}}, {"pk": 48, "model": "webapp.fieldvalue", "fields": {"profile": 7, "field": 6, "value": "Y"}}, {"pk": 49, "model": "webapp.fieldvalue", "fields": {"profile": 7, "field": 7, "value": "True"}}, {"pk": 50, "model": "webapp.fieldvalue", "fields": {"profile": 8, "field": 1, "value": " BENJAMIN J"}}, {"pk": 51, "model": "webapp.fieldvalue", "fields": {"profile": 8, "field": 2, "value": "BONE"}}, {"pk": 52, "model": "webapp.fieldvalue", "fields": {"profile": 8, "field": 3, "value": "515 MAPLE ST FESTUS MO 63028 JEFFERSON "}}, {"pk": 53, "model": "webapp.fieldvalue", "fields": {"profile": 8, "field": 4, "value": "CHILD MOLEST-1ST DEGREE"}}, {"pk": 54, "model": "webapp.fieldvalue", "fields": {"profile": 8, "field": 5, "value": "1"}}, {"pk": 55, "model": "webapp.fieldvalue", "fields": {"profile": 8, "field": 6, "value": "Y"}}, {"pk": 56, "model": "webapp.fieldvalue", "fields": {"profile": 8, "field": 7, "value": "True"}}, {"pk": 57, "model": "webapp.fieldvalue", "fields": {"profile": 9, "field": 1, "value": " KYLE L"}}, {"pk": 58, "model": "webapp.fieldvalue", "fields": {"profile": 9, "field": 2, "value": "BOYER"}}, {"pk": 59, "model": "webapp.fieldvalue", "fields": {"profile": 9, "field": 3, "value": "14235 OAK DR DESOTO MO 63020 JEFFERSON "}}, {"pk": 60, "model": "webapp.fieldvalue", "fields": {"profile": 9, "field": 4, "value": "STATUTORY RAPE-1ST DEGRE"}}, {"pk": 61, "model": "webapp.fieldvalue", "fields": {"profile": 9, "field": 5, "value": "1"}}, {"pk": 62, "model": "webapp.fieldvalue", "fields": {"profile": 9, "field": 6, "value": "Y"}}, {"pk": 63, "model": "webapp.fieldvalue", "fields": {"profile": 9, "field": 7, "value": "True"}}, {"pk": 64, "model": "webapp.fieldvalue", "fields": {"profile": 10, "field": 1, "value": " DUSTIN M"}}, {"pk": 65, "model": "webapp.fieldvalue", "fields": {"profile": 10, "field": 2, "value": "BREWER"}}, {"pk": 66, "model": "webapp.fieldvalue", "fields": {"profile": 10, "field": 3, "value": "530 E BLAND #20 LEBANON MO 65536 LACLEDE "}}, {"pk": 67, "model": "webapp.fieldvalue", "fields": {"profile": 10, "field": 4, "value": "CRIMINAL SEXUAL ABUSE"}}, {"pk": 68, "model": "webapp.fieldvalue", "fields": {"profile": 10, "field": 5, "value": "1"}}, {"pk": 69, "model": "webapp.fieldvalue", "fields": {"profile": 10, "field": 6, "value": "Y"}}, {"pk": 70, "model": "webapp.fieldvalue", "fields": {"profile": 10, "field": 7, "value": "True"}}, {"pk": 71, "model": "webapp.fieldvalue", "fields": {"profile": 11, "field": 1, "value": " JAMES M"}}, {"pk": 72, "model": "webapp.fieldvalue", "fields": {"profile": 11, "field": 2, "value": "BROWN"}}, {"pk": 73, "model": "webapp.fieldvalue", "fields": {"profile": 11, "field": 3, "value": "417 MCGOODWIN APT A WARRENSBURG MO 64093 JOHNSON "}}, {"pk": 74, "model": "webapp.fieldvalue", "fields": {"profile": 11, "field": 4, "value": "STATUTORY SODOMY-1ST DEG"}}, {"pk": 75, "model": "webapp.fieldvalue", "fields": {"profile": 11, "field": 5, "value": "2"}}, {"pk": 76, "model": "webapp.fieldvalue", "fields": {"profile": 11, "field": 6, "value": "Y"}}, {"pk": 77, "model": "webapp.fieldvalue", "fields": {"profile": 11, "field": 7, "value": "True"}}, {"pk": 78, "model": "webapp.fieldvalue", "fields": {"profile": 12, "field": 1, "value": " KENNETH W"}}, {"pk": 79, "model": "webapp.fieldvalue", "fields": {"profile": 12, "field": 2, "value": "BUNCH"}}, {"pk": 80, "model": "webapp.fieldvalue", "fields": {"profile": 12, "field": 3, "value": "16361 HWY 32 BISMARK MO 63624 WASHINGTON "}}, {"pk": 81, "model": "webapp.fieldvalue", "fields": {"profile": 12, "field": 4, "value": "STATUTORY SODOMY-1ST DEG"}}, {"pk": 82, "model": "webapp.fieldvalue", "fields": {"profile": 12, "field": 5, "value": "1"}}, {"pk": 83, "model": "webapp.fieldvalue", "fields": {"profile": 12, "field": 6, "value": "Y"}}, {"pk": 84, "model": "webapp.fieldvalue", "fields": {"profile": 12, "field": 7, "value": "True"}}, {"pk": 85, "model": "webapp.fieldvalue", "fields": {"profile": 13, "field": 1, "value": " JAMES L"}}, {"pk": 86, "model": "webapp.fieldvalue", "fields": {"profile": 13, "field": 2, "value": "BUSSELL"}}, {"pk": 87, "model": "webapp.fieldvalue", "fields": {"profile": 13, "field": 3, "value": "202 W FORT SCOTT BUTLER MO 64730 BATES "}}, {"pk": 88, "model": "webapp.fieldvalue", "fields": {"profile": 13, "field": 4, "value": "SEXUAL ABUSE 1ST DEGREE"}}, {"pk": 89, "model": "webapp.fieldvalue", "fields": {"profile": 13, "field": 5, "value": "1"}}, {"pk": 90, "model": "webapp.fieldvalue", "fields": {"profile": 13, "field": 6, "value": "Y"}}, {"pk": 91, "model": "webapp.fieldvalue", "fields": {"profile": 13, "field": 7, "value": "True"}}, {"pk": 92, "model": "webapp.fieldvalue", "fields": {"profile": 14, "field": 1, "value": " ANTHONY M"}}, {"pk": 93, "model": "webapp.fieldvalue", "fields": {"profile": 14, "field": 2, "value": "CANDILLO"}}, {"pk": 94, "model": "webapp.fieldvalue", "fields": {"profile": 14, "field": 3, "value": "Previously Exempt/Registration Required KANSAS CITY MO  JACKSON "}}, {"pk": 95, "model": "webapp.fieldvalue", "fields": {"profile": 14, "field": 4, "value": "RAPE"}}, {"pk": 96, "model": "webapp.fieldvalue", "fields": {"profile": 14, "field": 5, "value": "1"}}, {"pk": 97, "model": "webapp.fieldvalue", "fields": {"profile": 14, "field": 6, "value": "P"}}, {"pk": 98, "model": "webapp.fieldvalue", "fields": {"profile": 14, "field": 7, "value": "True"}}, {"pk": 99, "model": "webapp.fieldvalue", "fields": {"profile": 15, "field": 1, "value": " KEVIN L"}}, {"pk": 100, "model": "webapp.fieldvalue", "fields": {"profile": 15, "field": 2, "value": "CARUTH"}}, {"pk": 101, "model": "webapp.fieldvalue", "fields": {"profile": 15, "field": 3, "value": "30484 SKYVIEW DR EDWARDS MO 65326 BENTON "}}, {"pk": 102, "model": "webapp.fieldvalue", "fields": {"profile": 15, "field": 4, "value": "SEX MISCD/ATMP INVL CHLD-1ST OFNS"}}, {"pk": 103, "model": "webapp.fieldvalue", "fields": {"profile": 15, "field": 5, "value": "1"}}, {"pk": 104, "model": "webapp.fieldvalue", "fields": {"profile": 15, "field": 6, "value": "Y"}}, {"pk": 105, "model": "webapp.fieldvalue", "fields": {"profile": 15, "field": 7, "value": "True"}}, {"pk": 106, "model": "webapp.fieldvalue", "fields": {"profile": 16, "field": 1, "value": " ANTONIO O"}}, {"pk": 107, "model": "webapp.fieldvalue", "fields": {"profile": 16, "field": 2, "value": "CHAVEZ"}}, {"pk": 108, "model": "webapp.fieldvalue", "fields": {"profile": 16, "field": 3, "value": "8637 MARTONY LN BERKELEY MO 63134 ST. LOUIS "}}, {"pk": 109, "model": "webapp.fieldvalue", "fields": {"profile": 16, "field": 4, "value": "SODOMY"}}, {"pk": 110, "model": "webapp.fieldvalue", "fields": {"profile": 16, "field": 5, "value": "1"}}, {"pk": 111, "model": "webapp.fieldvalue", "fields": {"profile": 16, "field": 6, "value": "Y"}}, {"pk": 112, "model": "webapp.fieldvalue", "fields": {"profile": 16, "field": 7, "value": "True"}}, {"pk": 113, "model": "webapp.fieldvalue", "fields": {"profile": 17, "field": 1, "value": " TIMOTHY L"}}, {"pk": 114, "model": "webapp.fieldvalue", "fields": {"profile": 17, "field": 2, "value": "CLAYTON"}}, {"pk": 115, "model": "webapp.fieldvalue", "fields": {"profile": 17, "field": 3, "value": "125 DAZI LN SHELL KNOB MO 65747 STONE "}}, {"pk": 116, "model": "webapp.fieldvalue", "fields": {"profile": 17, "field": 4, "value": "SEXUAL MISCONDUCT-1ST"}}, {"pk": 117, "model": "webapp.fieldvalue", "fields": {"profile": 17, "field": 5, "value": "1"}}, {"pk": 118, "model": "webapp.fieldvalue", "fields": {"profile": 17, "field": 6, "value": "Y"}}, {"pk": 119, "model": "webapp.fieldvalue", "fields": {"profile": 17, "field": 7, "value": "True"}}, {"pk": 120, "model": "webapp.fieldvalue", "fields": {"profile": 18, "field": 1, "value": " JEFFERY L"}}, {"pk": 121, "model": "webapp.fieldvalue", "fields": {"profile": 18, "field": 2, "value": "COLLINS"}}, {"pk": 122, "model": "webapp.fieldvalue", "fields": {"profile": 18, "field": 3, "value": "127 BEDFORD ST MOBERLY MO 65270 RANDOLPH "}}, {"pk": 123, "model": "webapp.fieldvalue", "fields": {"profile": 18, "field": 4, "value": "SEXUAL MISCONDUCT-1ST"}}, {"pk": 124, "model": "webapp.fieldvalue", "fields": {"profile": 18, "field": 5, "value": "3"}}, {"pk": 125, "model": "webapp.fieldvalue", "fields": {"profile": 18, "field": 6, "value": "Y"}}, {"pk": 126, "model": "webapp.fieldvalue", "fields": {"profile": 18, "field": 7, "value": "True"}}, {"pk": 127, "model": "webapp.fieldvalue", "fields": {"profile": 19, "field": 1, "value": " TODD E"}}, {"pk": 128, "model": "webapp.fieldvalue", "fields": {"profile": 19, "field": 2, "value": "COOPER"}}, {"pk": 129, "model": "webapp.fieldvalue", "fields": {"profile": 19, "field": 3, "value": "202 SUNSET LN CENTRALIA MO 65240 BOONE "}}, {"pk": 130, "model": "webapp.fieldvalue", "fields": {"profile": 19, "field": 4, "value": "LASCIVIOUS ACTS WITH CHILD"}}, {"pk": 131, "model": "webapp.fieldvalue", "fields": {"profile": 19, "field": 5, "value": "1"}}, {"pk": 132, "model": "webapp.fieldvalue", "fields": {"profile": 19, "field": 6, "value": "Y"}}, {"pk": 133, "model": "webapp.fieldvalue", "fields": {"profile": 19, "field": 7, "value": "True"}}, {"pk": 134, "model": "webapp.fieldvalue", "fields": {"profile": 20, "field": 1, "value": " FRANKIE L"}}, {"pk": 135, "model": "webapp.fieldvalue", "fields": {"profile": 20, "field": 2, "value": "CRAIG"}}, {"pk": 136, "model": "webapp.fieldvalue", "fields": {"profile": 20, "field": 3, "value": "1720 S STERLING AVE APT E INDEPENDENCE MO 64052 JACKSON "}}, {"pk": 137, "model": "webapp.fieldvalue", "fields": {"profile": 20, "field": 4, "value": "STATUTORY RAPE-2ND DEGRE"}}, {"pk": 138, "model": "webapp.fieldvalue", "fields": {"profile": 20, "field": 5, "value": "1"}}, {"pk": 139, "model": "webapp.fieldvalue", "fields": {"profile": 20, "field": 6, "value": "Y"}}, {"pk": 140, "model": "webapp.fieldvalue", "fields": {"profile": 20, "field": 7, "value": "True"}}, {"pk": 141, "model": "webapp.fieldvalue", "fields": {"profile": 21, "field": 1, "value": " LEVAR"}}, {"pk": 142, "model": "webapp.fieldvalue", "fields": {"profile": 21, "field": 2, "value": "CUMMINGS"}}, {"pk": 143, "model": "webapp.fieldvalue", "fields": {"profile": 21, "field": 3, "value": "1621 N 1ST ST ST LOUIS MO 63102 ST. LOUIS CITY "}}, {"pk": 144, "model": "webapp.fieldvalue", "fields": {"profile": 21, "field": 4, "value": "SEXUAL MISCONDUCT-1ST"}}, {"pk": 145, "model": "webapp.fieldvalue", "fields": {"profile": 21, "field": 5, "value": "1"}}, {"pk": 146, "model": "webapp.fieldvalue", "fields": {"profile": 21, "field": 6, "value": "Y"}}, {"pk": 147, "model": "webapp.fieldvalue", "fields": {"profile": 21, "field": 7, "value": "True"}}, {"pk": 148, "model": "webapp.fieldvalue", "fields": {"profile": 22, "field": 1, "value": " DONALD E"}}, {"pk": 149, "model": "webapp.fieldvalue", "fields": {"profile": 22, "field": 2, "value": "DAVIS"}}, {"pk": 150, "model": "webapp.fieldvalue", "fields": {"profile": 22, "field": 3, "value": "4345 RD 470 KING CITY MO 64463 GENTRY "}}, {"pk": 151, "model": "webapp.fieldvalue", "fields": {"profile": 22, "field": 4, "value": "STATUTORY SODOMY-2ND DEG"}}, {"pk": 152, "model": "webapp.fieldvalue", "fields": {"profile": 22, "field": 5, "value": "1"}}, {"pk": 153, "model": "webapp.fieldvalue", "fields": {"profile": 22, "field": 6, "value": "Y"}}, {"pk": 154, "model": "webapp.fieldvalue", "fields": {"profile": 22, "field": 7, "value": "True"}}, {"pk": 155, "model": "webapp.fieldvalue", "fields": {"profile": 23, "field": 1, "value": " CHARLES A"}}, {"pk": 156, "model": "webapp.fieldvalue", "fields": {"profile": 23, "field": 2, "value": "DECLUE"}}, {"pk": 157, "model": "webapp.fieldvalue", "fields": {"profile": 23, "field": 3, "value": "1621 N 1ST ST ST LOUIS MO 63102 ST. LOUIS CITY "}}, {"pk": 158, "model": "webapp.fieldvalue", "fields": {"profile": 23, "field": 4, "value": "CHILD MOLEST-1ST DEGREE"}}, {"pk": 159, "model": "webapp.fieldvalue", "fields": {"profile": 23, "field": 5, "value": "1"}}, {"pk": 160, "model": "webapp.fieldvalue", "fields": {"profile": 23, "field": 6, "value": "Y"}}, {"pk": 161, "model": "webapp.fieldvalue", "fields": {"profile": 23, "field": 7, "value": "True"}}, {"pk": 162, "model": "webapp.fieldvalue", "fields": {"profile": 24, "field": 1, "value": " BOBBY J"}}, {"pk": 163, "model": "webapp.fieldvalue", "fields": {"profile": 24, "field": 2, "value": "DILLION"}}, {"pk": 164, "model": "webapp.fieldvalue", "fields": {"profile": 24, "field": 3, "value": "Incarcerated in MO  MO   "}}, {"pk": 165, "model": "webapp.fieldvalue", "fields": {"profile": 24, "field": 4, "value": "INCEST"}}, {"pk": 166, "model": "webapp.fieldvalue", "fields": {"profile": 24, "field": 5, "value": "1"}}, {"pk": 167, "model": "webapp.fieldvalue", "fields": {"profile": 24, "field": 6, "value": "I"}}, {"pk": 168, "model": "webapp.fieldvalue", "fields": {"profile": 24, "field": 7, "value": "True"}}, {"pk": 169, "model": "webapp.fieldvalue", "fields": {"profile": 25, "field": 1, "value": " RAYMOND L"}}, {"pk": 170, "model": "webapp.fieldvalue", "fields": {"profile": 25, "field": 2, "value": "DOWNUM"}}, {"pk": 171, "model": "webapp.fieldvalue", "fields": {"profile": 25, "field": 3, "value": "651 MULBERRY ST KANSAS CITY MO 64064 JACKSON "}}, {"pk": 172, "model": "webapp.fieldvalue", "fields": {"profile": 25, "field": 4, "value": "SEXUAL ABUSE 1ST DEGREE"}}, {"pk": 173, "model": "webapp.fieldvalue", "fields": {"profile": 25, "field": 5, "value": "1"}}, {"pk": 174, "model": "webapp.fieldvalue", "fields": {"profile": 25, "field": 6, "value": "Y"}}, {"pk": 175, "model": "webapp.fieldvalue", "fields": {"profile": 25, "field": 7, "value": "True"}}, {"pk": 176, "model": "webapp.fieldvalue", "fields": {"profile": 26, "field": 1, "value": " CLAUDE G"}}, {"pk": 177, "model": "webapp.fieldvalue", "fields": {"profile": 26, "field": 2, "value": "DYSON"}}, {"pk": 178, "model": "webapp.fieldvalue", "fields": {"profile": 26, "field": 3, "value": "103 S LEVY SIKESTON MO 63801 NEW MADRID "}}, {"pk": 179, "model": "webapp.fieldvalue", "fields": {"profile": 26, "field": 4, "value": "STATUTORY RAPE-2ND DEGRE"}}, {"pk": 180, "model": "webapp.fieldvalue", "fields": {"profile": 26, "field": 5, "value": "1"}}, {"pk": 181, "model": "webapp.fieldvalue", "fields": {"profile": 26, "field": 6, "value": "Y"}}, {"pk": 182, "model": "webapp.fieldvalue", "fields": {"profile": 26, "field": 7, "value": "True"}}, {"pk": 183, "model": "webapp.fieldvalue", "fields": {"profile": 27, "field": 1, "value": " RYAN M"}}, {"pk": 184, "model": "webapp.fieldvalue", "fields": {"profile": 27, "field": 2, "value": "ELLIOTT"}}, {"pk": 185, "model": "webapp.fieldvalue", "fields": {"profile": 27, "field": 3, "value": "117 JOHNSON RD LIBERTY MO 64068 CLAY "}}, {"pk": 186, "model": "webapp.fieldvalue", "fields": {"profile": 27, "field": 4, "value": "ELECTRONIC SEXUAL SOLITATION OF MINOR"}}, {"pk": 187, "model": "webapp.fieldvalue", "fields": {"profile": 27, "field": 5, "value": "1"}}, {"pk": 188, "model": "webapp.fieldvalue", "fields": {"profile": 27, "field": 6, "value": "Y"}}, {"pk": 189, "model": "webapp.fieldvalue", "fields": {"profile": 27, "field": 7, "value": "True"}}, {"pk": 190, "model": "webapp.fieldvalue", "fields": {"profile": 28, "field": 1, "value": " GLENN A"}}, {"pk": 191, "model": "webapp.fieldvalue", "fields": {"profile": 28, "field": 2, "value": "EVANS"}}, {"pk": 192, "model": "webapp.fieldvalue", "fields": {"profile": 28, "field": 3, "value": "1256 E THOMAN ST SPRINGFIELD MO 65803 GREENE "}}, {"pk": 193, "model": "webapp.fieldvalue", "fields": {"profile": 28, "field": 4, "value": "INDECENT LIBERTIES"}}, {"pk": 194, "model": "webapp.fieldvalue", "fields": {"profile": 28, "field": 5, "value": "2"}}, {"pk": 195, "model": "webapp.fieldvalue", "fields": {"profile": 28, "field": 6, "value": "Y"}}, {"pk": 196, "model": "webapp.fieldvalue", "fields": {"profile": 28, "field": 7, "value": "True"}}, {"pk": 197, "model": "webapp.fieldvalue", "fields": {"profile": 29, "field": 1, "value": " DAVID R"}}, {"pk": 198, "model": "webapp.fieldvalue", "fields": {"profile": 29, "field": 2, "value": "FERRIS"}}, {"pk": 199, "model": "webapp.fieldvalue", "fields": {"profile": 29, "field": 3, "value": "907 W FAIRPLAY ST BOLIVAR MO 65613 POLK "}}, {"pk": 200, "model": "webapp.fieldvalue", "fields": {"profile": 29, "field": 4, "value": "PROM SEX PERFORM BY CHID"}}, {"pk": 201, "model": "webapp.fieldvalue", "fields": {"profile": 29, "field": 5, "value": "1"}}, {"pk": 202, "model": "webapp.fieldvalue", "fields": {"profile": 29, "field": 6, "value": "Y"}}, {"pk": 203, "model": "webapp.fieldvalue", "fields": {"profile": 29, "field": 7, "value": "True"}}, {"pk": 204, "model": "webapp.fieldvalue", "fields": {"profile": 30, "field": 1, "value": " DENNIS E"}}, {"pk": 205, "model": "webapp.fieldvalue", "fields": {"profile": 30, "field": 2, "value": "FOGARTY"}}, {"pk": 206, "model": "webapp.fieldvalue", "fields": {"profile": 30, "field": 3, "value": "545 FAIRFIELD VALLEY RD PACIFIC MO 63069 FRANKLIN "}}, {"pk": 207, "model": "webapp.fieldvalue", "fields": {"profile": 30, "field": 4, "value": "ATTEMPTED SODOMY"}}, {"pk": 208, "model": "webapp.fieldvalue", "fields": {"profile": 30, "field": 5, "value": "1"}}, {"pk": 209, "model": "webapp.fieldvalue", "fields": {"profile": 30, "field": 6, "value": "Y"}}, {"pk": 210, "model": "webapp.fieldvalue", "fields": {"profile": 30, "field": 7, "value": "True"}}, {"pk": 211, "model": "webapp.fieldvalue", "fields": {"profile": 31, "field": 1, "value": " DANNY J"}}, {"pk": 212, "model": "webapp.fieldvalue", "fields": {"profile": 31, "field": 2, "value": "FREDRICK"}}, {"pk": 213, "model": "webapp.fieldvalue", "fields": {"profile": 31, "field": 3, "value": "Incarcerated in MO  MO   "}}, {"pk": 214, "model": "webapp.fieldvalue", "fields": {"profile": 31, "field": 4, "value": "ATTEMPTED PROM SEX PERFORM BY CHID"}}, {"pk": 215, "model": "webapp.fieldvalue", "fields": {"profile": 31, "field": 5, "value": "1"}}, {"pk": 216, "model": "webapp.fieldvalue", "fields": {"profile": 31, "field": 6, "value": "I"}}, {"pk": 217, "model": "webapp.fieldvalue", "fields": {"profile": 31, "field": 7, "value": "True"}}, {"pk": 218, "model": "webapp.fieldvalue", "fields": {"profile": 32, "field": 1, "value": " NICHOLAS A"}}, {"pk": 219, "model": "webapp.fieldvalue", "fields": {"profile": 32, "field": 2, "value": "GANIM"}}, {"pk": 220, "model": "webapp.fieldvalue", "fields": {"profile": 32, "field": 3, "value": "9926 CLEARWATER DRIVE ST LOUIS MO 63123 ST. LOUIS "}}, {"pk": 221, "model": "webapp.fieldvalue", "fields": {"profile": 32, "field": 4, "value": "ENDANGERING WELFARE OF A CHILD-1ST DEGREE"}}, {"pk": 222, "model": "webapp.fieldvalue", "fields": {"profile": 32, "field": 5, "value": "2"}}, {"pk": 223, "model": "webapp.fieldvalue", "fields": {"profile": 32, "field": 6, "value": "Y"}}, {"pk": 224, "model": "webapp.fieldvalue", "fields": {"profile": 32, "field": 7, "value": "True"}}, {"pk": 225, "model": "webapp.fieldvalue", "fields": {"profile": 33, "field": 1, "value": " DANIEL W"}}, {"pk": 226, "model": "webapp.fieldvalue", "fields": {"profile": 33, "field": 2, "value": "GIBSON"}}, {"pk": 227, "model": "webapp.fieldvalue", "fields": {"profile": 33, "field": 3, "value": "Moved Out of State  OH   "}}, {"pk": 228, "model": "webapp.fieldvalue", "fields": {"profile": 33, "field": 4, "value": "UNLAWFUL SEXUAL CONTACT WITH A MINOR"}}, {"pk": 229, "model": "webapp.fieldvalue", "fields": {"profile": 33, "field": 5, "value": "1"}}, {"pk": 230, "model": "webapp.fieldvalue", "fields": {"profile": 33, "field": 6, "value": "O"}}, {"pk": 231, "model": "webapp.fieldvalue", "fields": {"profile": 33, "field": 7, "value": "True"}}, {"pk": 232, "model": "webapp.fieldvalue", "fields": {"profile": 34, "field": 1, "value": " RAYMOND D"}}, {"pk": 233, "model": "webapp.fieldvalue", "fields": {"profile": 34, "field": 2, "value": "GOLDSBOROUGH"}}, {"pk": 234, "model": "webapp.fieldvalue", "fields": {"profile": 34, "field": 3, "value": "418 EUEL POLK DR ELLINGTON MO 63638 REYNOLDS "}}, {"pk": 235, "model": "webapp.fieldvalue", "fields": {"profile": 34, "field": 4, "value": "SEXUAL ASSAULT"}}, {"pk": 236, "model": "webapp.fieldvalue", "fields": {"profile": 34, "field": 5, "value": "2"}}, {"pk": 237, "model": "webapp.fieldvalue", "fields": {"profile": 34, "field": 6, "value": "Y"}}, {"pk": 238, "model": "webapp.fieldvalue", "fields": {"profile": 34, "field": 7, "value": "True"}}, {"pk": 239, "model": "webapp.fieldvalue", "fields": {"profile": 35, "field": 1, "value": " JAMES R"}}, {"pk": 240, "model": "webapp.fieldvalue", "fields": {"profile": 35, "field": 2, "value": "GRAY"}}, {"pk": 241, "model": "webapp.fieldvalue", "fields": {"profile": 35, "field": 3, "value": "604 SE 4TH TER LEES SUMMIT MO 64063 JACKSON "}}, {"pk": 242, "model": "webapp.fieldvalue", "fields": {"profile": 35, "field": 4, "value": "INDECENT EXPOSURE"}}, {"pk": 243, "model": "webapp.fieldvalue", "fields": {"profile": 35, "field": 5, "value": "1"}}, {"pk": 244, "model": "webapp.fieldvalue", "fields": {"profile": 35, "field": 6, "value": "Y"}}, {"pk": 245, "model": "webapp.fieldvalue", "fields": {"profile": 35, "field": 7, "value": "True"}}, {"pk": 246, "model": "webapp.fieldvalue", "fields": {"profile": 36, "field": 1, "value": " ROBERT J"}}, {"pk": 247, "model": "webapp.fieldvalue", "fields": {"profile": 36, "field": 2, "value": "GRIMMIG"}}, {"pk": 248, "model": "webapp.fieldvalue", "fields": {"profile": 36, "field": 3, "value": "1615 FRANCIS ST ST JOSEPH MO 64501 BUCHANAN "}}, {"pk": 249, "model": "webapp.fieldvalue", "fields": {"profile": 36, "field": 4, "value": "AGGRAVATED SODOMY"}}, {"pk": 250, "model": "webapp.fieldvalue", "fields": {"profile": 36, "field": 5, "value": "1"}}, {"pk": 251, "model": "webapp.fieldvalue", "fields": {"profile": 36, "field": 6, "value": "Y"}}, {"pk": 252, "model": "webapp.fieldvalue", "fields": {"profile": 36, "field": 7, "value": "True"}}, {"pk": 253, "model": "webapp.fieldvalue", "fields": {"profile": 37, "field": 1, "value": " LEANDRE A"}}, {"pk": 254, "model": "webapp.fieldvalue", "fields": {"profile": 37, "field": 2, "value": "HALE"}}, {"pk": 255, "model": "webapp.fieldvalue", "fields": {"profile": 37, "field": 3, "value": "Incarcerated in MO  MO   "}}, {"pk": 256, "model": "webapp.fieldvalue", "fields": {"profile": 37, "field": 4, "value": "HAS INTERCOURSE WITH VICTIM WHILE SHE WAS SLEEPING"}}, {"pk": 257, "model": "webapp.fieldvalue", "fields": {"profile": 37, "field": 5, "value": "1"}}, {"pk": 258, "model": "webapp.fieldvalue", "fields": {"profile": 37, "field": 6, "value": "I"}}, {"pk": 259, "model": "webapp.fieldvalue", "fields": {"profile": 37, "field": 7, "value": "True"}}, {"pk": 260, "model": "webapp.fieldvalue", "fields": {"profile": 38, "field": 1, "value": " HERBERT N"}}, {"pk": 261, "model": "webapp.fieldvalue", "fields": {"profile": 38, "field": 2, "value": "HANSON"}}, {"pk": 262, "model": "webapp.fieldvalue", "fields": {"profile": 38, "field": 3, "value": "700 N MISSOURI ST BEVIER MO 63532 MACON "}}, {"pk": 263, "model": "webapp.fieldvalue", "fields": {"profile": 38, "field": 4, "value": "2ND DEGREE SEXUAL ASSAULT"}}, {"pk": 264, "model": "webapp.fieldvalue", "fields": {"profile": 38, "field": 5, "value": "1"}}, {"pk": 265, "model": "webapp.fieldvalue", "fields": {"profile": 38, "field": 6, "value": "Y"}}, {"pk": 266, "model": "webapp.fieldvalue", "fields": {"profile": 38, "field": 7, "value": "True"}}, {"pk": 267, "model": "webapp.fieldvalue", "fields": {"profile": 39, "field": 1, "value": " ANTHONY L"}}, {"pk": 268, "model": "webapp.fieldvalue", "fields": {"profile": 39, "field": 2, "value": "HART"}}, {"pk": 269, "model": "webapp.fieldvalue", "fields": {"profile": 39, "field": 3, "value": "1719 E WALNUT ST APT 3 SPRINGFIELD MO 65802 GREENE "}}, {"pk": 270, "model": "webapp.fieldvalue", "fields": {"profile": 39, "field": 4, "value": "STATUTORY RAPE-2ND DEGRE"}}, {"pk": 271, "model": "webapp.fieldvalue", "fields": {"profile": 39, "field": 5, "value": "2"}}, {"pk": 272, "model": "webapp.fieldvalue", "fields": {"profile": 39, "field": 6, "value": "Y"}}, {"pk": 273, "model": "webapp.fieldvalue", "fields": {"profile": 39, "field": 7, "value": "True"}}, {"pk": 28, "model": "auth.permission", "fields": {"codename": "add_logentry", "name": "Can add log entry", "content_type": 10}}, {"pk": 29, "model": "auth.permission", "fields": {"codename": "change_logentry", "name": "Can change log entry", "content_type": 10}}, {"pk": 30, "model": "auth.permission", "fields": {"codename": "delete_logentry", "name": "Can delete log entry", "content_type": 10}}, {"pk": 1, "model": "auth.permission", "fields": {"codename": "add_group", "name": "Can add group", "content_type": 2}}, {"pk": 4, "model": "auth.permission", "fields": {"codename": "change_group", "name": "Can change group", "content_type": 2}}, {"pk": 7, "model": "auth.permission", "fields": {"codename": "delete_group", "name": "Can delete group", "content_type": 2}}, {"pk": 2, "model": "auth.permission", "fields": {"codename": "add_permission", "name": "Can add permission", "content_type": 1}}, {"pk": 5, "model": "auth.permission", "fields": {"codename": "change_permission", "name": "Can change permission", "content_type": 1}}, {"pk": 8, "model": "auth.permission", "fields": {"codename": "delete_permission", "name": "Can delete permission", "content_type": 1}}, {"pk": 3, "model": "auth.permission", "fields": {"codename": "add_user", "name": "Can add user", "content_type": 3}}, {"pk": 6, "model": "auth.permission", "fields": {"codename": "change_user", "name": "Can change user", "content_type": 3}}, {"pk": 9, "model": "auth.permission", "fields": {"codename": "delete_user", "name": "Can delete user", "content_type": 3}}, {"pk": 10, "model": "auth.permission", "fields": {"codename": "add_contenttype", "name": "Can add content type", "content_type": 4}}, {"pk": 11, "model": "auth.permission", "fields": {"codename": "change_contenttype", "name": "Can change content type", "content_type": 4}}, {"pk": 12, "model": "auth.permission", "fields": {"codename": "delete_contenttype", "name": "Can delete content type", "content_type": 4}}, {"pk": 13, "model": "auth.permission", "fields": {"codename": "add_session", "name": "Can add session", "content_type": 5}}, {"pk": 14, "model": "auth.permission", "fields": {"codename": "change_session", "name": "Can change session", "content_type": 5}}, {"pk": 15, "model": "auth.permission", "fields": {"codename": "delete_session", "name": "Can delete session", "content_type": 5}}, {"pk": 16, "model": "auth.permission", "fields": {"codename": "add_site", "name": "Can add site", "content_type": 6}}, {"pk": 17, "model": "auth.permission", "fields": {"codename": "change_site", "name": "Can change site", "content_type": 6}}, {"pk": 18, "model": "auth.permission", "fields": {"codename": "delete_site", "name": "Can delete site", "content_type": 6}}, {"pk": 19, "model": "auth.permission", "fields": {"codename": "add_field", "name": "Can add field", "content_type": 8}}, {"pk": 22, "model": "auth.permission", "fields": {"codename": "change_field", "name": "Can change field", "content_type": 8}}, {"pk": 25, "model": "auth.permission", "fields": {"codename": "delete_field", "name": "Can delete field", "content_type": 8}}, {"pk": 20, "model": "auth.permission", "fields": {"codename": "add_fieldvalue", "name": "Can add field value", "content_type": 9}}, {"pk": 23, "model": "auth.permission", "fields": {"codename": "change_fieldvalue", "name": "Can change field value", "content_type": 9}}, {"pk": 26, "model": "auth.permission", "fields": {"codename": "delete_fieldvalue", "name": "Can delete field value", "content_type": 9}}, {"pk": 21, "model": "auth.permission", "fields": {"codename": "add_profile", "name": "Can add profile", "content_type": 7}}, {"pk": 24, "model": "auth.permission", "fields": {"codename": "change_profile", "name": "Can change profile", "content_type": 7}}, {"pk": 27, "model": "auth.permission", "fields": {"codename": "delete_profile", "name": "Can delete profile", "content_type": 7}}, {"pk": 1, "model": "auth.user", "fields": {"username": "root", "first_name": "", "last_name": "", "is_active": true, "is_superuser": true, "is_staff": true, "last_login": "2013-06-09T19:44:08.468Z", "groups": [], "user_permissions": [], "password": "pbkdf2_sha256$10000$WZ3l151KTQbo$dC5yrepnOig7XS+w0nb9RdqpJXZXBdeRoO0QSsU/vmo=", "email": "jonzjia@gmail.com", "date_joined": "2013-06-09T19:42:26.246Z"}}, {"pk": 1, "model": "webapp.profile", "fields": {"expiry_date": "2014-06-09T19:52:58.775Z", "user": 1}}, {"pk": 2, "model": "webapp.profile", "fields": {"expiry_date": "2014-06-09T19:52:59.972Z", "user": 1}}, {"pk": 3, "model": "webapp.profile", "fields": {"expiry_date": "2014-06-09T19:53:01.201Z", "user": 1}}, {"pk": 4, "model": "webapp.profile", "fields": {"expiry_date": "2014-06-09T19:53:02.560Z", "user": 1}}, {"pk": 5, "model": "webapp.profile", "fields": {"expiry_date": "2014-06-09T19:53:03.738Z", "user": 1}}, {"pk": 6, "model": "webapp.profile", "fields": {"expiry_date": "2014-06-09T19:53:04.948Z", "user": 1}}, {"pk": 7, "model": "webapp.profile", "fields": {"expiry_date": "2014-06-09T19:53:06.185Z", "user": 1}}, {"pk": 8, "model": "webapp.profile", "fields": {"expiry_date": "2014-06-09T19:53:07.644Z", "user": 1}}, {"pk": 9, "model": "webapp.profile", "fields": {"expiry_date": "2014-06-09T19:53:08.882Z", "user": 1}}, {"pk": 10, "model": "webapp.profile", "fields": {"expiry_date": "2014-06-09T19:53:10.123Z", "user": 1}}, {"pk": 11, "model": "webapp.profile", "fields": {"expiry_date": "2014-06-09T19:53:11.393Z", "user": 1}}, {"pk": 12, "model": "webapp.profile", "fields": {"expiry_date": "2014-06-09T19:53:12.687Z", "user": 1}}, {"pk": 13, "model": "webapp.profile", "fields": {"expiry_date": "2014-06-09T19:53:14.047Z", "user": 1}}, {"pk": 14, "model": "webapp.profile", "fields": {"expiry_date": "2014-06-09T19:53:15.326Z", "user": 1}}, {"pk": 15, "model": "webapp.profile", "fields": {"expiry_date": "2014-06-09T19:53:16.686Z", "user": 1}}, {"pk": 16, "model": "webapp.profile", "fields": {"expiry_date": "2014-06-09T19:53:18.048Z", "user": 1}}, {"pk": 17, "model": "webapp.profile", "fields": {"expiry_date": "2014-06-09T19:53:19.323Z", "user": 1}}, {"pk": 18, "model": "webapp.profile", "fields": {"expiry_date": "2014-06-09T19:53:20.659Z", "user": 1}}, {"pk": 19, "model": "webapp.profile", "fields": {"expiry_date": "2014-06-09T19:53:21.911Z", "user": 1}}, {"pk": 20, "model": "webapp.profile", "fields": {"expiry_date": "2014-06-09T19:53:23.478Z", "user": 1}}, {"pk": 21, "model": "webapp.profile", "fields": {"expiry_date": "2014-06-09T19:53:24.739Z", "user": 1}}, {"pk": 22, "model": "webapp.profile", "fields": {"expiry_date": "2014-06-09T19:53:26.108Z", "user": 1}}, {"pk": 23, "model": "webapp.profile", "fields": {"expiry_date": "2014-06-09T19:53:27.361Z", "user": 1}}, {"pk": 24, "model": "webapp.profile", "fields": {"expiry_date": "2014-06-09T19:53:28.629Z", "user": 1}}, {"pk": 25, "model": "webapp.profile", "fields": {"expiry_date": "2014-06-09T19:53:29.897Z", "user": 1}}, {"pk": 26, "model": "webapp.profile", "fields": {"expiry_date": "2014-06-09T19:53:31.242Z", "user": 1}}, {"pk": 27, "model": "webapp.profile", "fields": {"expiry_date": "2014-06-09T19:53:32.547Z", "user": 1}}, {"pk": 28, "model": "webapp.profile", "fields": {"expiry_date": "2014-06-09T19:53:33.846Z", "user": 1}}, {"pk": 29, "model": "webapp.profile", "fields": {"expiry_date": "2014-06-09T19:53:35.172Z", "user": 1}}, {"pk": 30, "model": "webapp.profile", "fields": {"expiry_date": "2014-06-09T19:53:36.544Z", "user": 1}}, {"pk": 31, "model": "webapp.profile", "fields": {"expiry_date": "2014-06-09T19:53:37.919Z", "user": 1}}, {"pk": 32, "model": "webapp.profile", "fields": {"expiry_date": "2014-06-09T19:53:39.196Z", "user": 1}}, {"pk": 33, "model": "webapp.profile", "fields": {"expiry_date": "2014-06-09T19:53:40.464Z", "user": 1}}, {"pk": 34, "model": "webapp.profile", "fields": {"expiry_date": "2014-06-09T19:53:41.919Z", "user": 1}}, {"pk": 35, "model": "webapp.profile", "fields": {"expiry_date": "2014-06-09T19:53:43.187Z", "user": 1}}, {"pk": 36, "model": "webapp.profile", "fields": {"expiry_date": "2014-06-09T19:53:44.507Z", "user": 1}}, {"pk": 37, "model": "webapp.profile", "fields": {"expiry_date": "2014-06-09T19:53:45.791Z", "user": 1}}, {"pk": 38, "model": "webapp.profile", "fields": {"expiry_date": "2014-06-09T19:53:47.127Z", "user": 1}}, {"pk": 39, "model": "webapp.profile", "fields": {"expiry_date": "2014-06-09T19:53:48.487Z", "user": 1}}]